item_id,class
1998,1
2397,1
209,1
1769,1
1333,1
3058,1
2080,1
741,1
24,1
1347,1
1064,1
2188,1
1497,1
2867,1
1133,1
2792,1
1440,1
2560,1
1481,1
1577,1
125,1
2931,1
321,1
1740,1
1339,1
59,1
2500,1
813,1
1676,1
1559,1
374,1
1385,1
1066,1
2570,1
1382,1
2300,1
2598,1
981,1
2346,1
1246,1
2081,1
101,1
2692,1
1723,1
1765,1
2743,1
1088,1
1613,1
633,1
1324,1
1444,1
655,1
2362,1
2208,1
2392,1
3006,1
419,1
3000,1
1483,1
457,1
2788,1
1632,1
1780,1
468,1
3102,1
1701,1
2972,1
833,1
593,1
2575,1
1291,1
1685,1
1735,1
2318,1
1917,1
2905,1
569,1
289,1
1210,1
479,1
2055,1
566,1
5,1
2538,1
2131,1
1169,1
1290,1
132,1
1089,1
2391,1
891,1
1662,1
2369,1
2648,1
1659,1
3093,1
2872,1
437,1
683,1
1579,1
2636,1
3010,1
2128,1
2932,1
556,1
2856,1
2824,1
2942,1
1695,1
1011,1
1110,1
2287,1
2087,1
1649,1
2796,1
2617,1
715,1
2388,1
2973,1
452,1
560,1
3003,1
508,1
403,1
2525,1
2129,1
2145,1
1750,1
1293,1
2989,1
609,1
1810,1
2093,1
674,1
31,1
492,1
693,1
1630,1
1165,1
2901,1
3013,1
309,1
2798,1
297,1
894,1
3098,1
1778,1
2554,1
386,1
2795,1
1678,1
2843,1
3007,1
1371,1
1602,1
384,1
1751,1
1482,1
1376,1
1915,1
866,1
2035,1
2621,1
106,1
842,1
622,1
137,1
903,1
2547,1
2215,1
2036,1
379,1
2450,1
1063,1
2514,1
705,1
1833,1
1013,1
1580,1
1571,1
2606,1
1784,1
2348,1
1213,1
1435,1
2197,1
1634,1
1380,1
733,1
1582,1
714,1
263,1
431,1
571,1
2968,1
1368,1
2119,1
2714,1
1215,1
2592,1
2895,1
646,1
523,1
401,1
2115,1
2495,1
2926,1
2493,1
2842,1
2902,1
487,1
699,1
1486,1
4,1
2773,1
2611,1
2527,1
1637,1
1703,1
672,1
1053,1
3011,1
2664,1
1721,1
1458,1
2082,1
927,1
1619,1
1937,1
2736,1
2416,1
2983,1
939,1
61,1
1346,1
2061,1
2138,1
2543,1
2929,1
2389,1
2793,1
1334,1
1631,1
2477,1
1115,1
3114,1
2243,1
107,1
2609,1
1646,1
855,1
2730,1
2763,1
591,1
1713,1
2941,1
427,1
1136,1
2502,1
628,1
439,1
2533,1
1543,1
2072,1
579,1
2850,1
1547,1
853,1
1829,1
2706,1
2252,1
2590,1
3063,1
1012,1
3052,1
1625,1
1328,1
1393,1
2605,1
2467,1
2865,1
2298,1
1815,1
2624,1
1620,1
2157,1
2213,1
2280,1
618,1
2854,1
1374,1
2466,1
2556,1
3116,1
2568,1
3119,1
1272,1
3022,1
2449,1
1046,1
2759,1
2553,1
2585,1
837,1
1051,1
1900,1
2370,1
1562,1
430,1
2175,1
2702,1
133,1
2364,1
740,1
1122,1
2461,1
3103,1
574,1
953,1
1061,1
1539,1
3095,1
471,1
2802,1
3096,1
966,1
1206,1
1830,1
664,1
840,1
396,1
676,1
1605,1
2473,1
654,1
2332,1
2349,1
2542,1
2496,1
826,1
2261,1
2294,1
2915,1
518,1
375,1
1633,1
1209,1
1767,1
2693,1
2478,1
2858,1
635,1
291,1
832,1
252,1
2581,1
1601,1
678,1
904,1
377,1
2162,1
1687,1
879,1
1230,1
2990,1
1229,1
429,1
1628,1
1445,1
1401,1
2130,1
561,1
108,1
3020,1
126,1
649,1
773,1
1587,1
1636,1
2161,1
2528,1
2456,1
2501,1
724,1
2849,1
922,1
1095,1
3110,1
2900,1
1560,1
747,1
372,1
1258,1
2735,1
344,1
2032,1
1939,1
1886,1
1225,1
2535,1
2620,1
2738,1
2608,1
1366,1
2121,1
1096,1
2832,1
1588,1
64,1
3014,1
483,1
1552,1
2761,1
2719,1
2306,1
55,1
1593,1
1240,1
650,1
1749,1
1361,1
685,1
883,1
2588,1
878,1
2582,1
2804,1
694,1
2882,1
1658,1
1041,1
2838,1
2003,1
312,1
2196,1
485,1
1336,1
1045,1
644,1
2857,1
2284,1
719,1
2674,1
2253,1
1309,1
1461,1
2946,1
1047,1
1007,1
83,1
1901,1
2181,1
2626,1
2752,1
2851,1
1025,1
1067,1
1570,1
702,1
1908,1
980,1
2599,1
1913,1
2520,1
2117,1
1686,1
1799,1
2474,1
2930,1
951,1
1994,1
1003,1
2573,1
1668,1
750,1
2160,1
1030,1
2729,1
2861,1
1208,1
2593,1
399,1
2828,1
417,1
3123,1
1473,1
1871,1
2385,1
2290,1
2534,1
1034,1
2646,1
2257,1
2579,1
231,1
2883,1
1308,1
442,1
2387,1
2084,1
35,1
2540,1
1853,1
1844,1
1338,1
1276,1
2887,1
494,1
1831,1
2366,1
745,1
1696,1
2292,1
413,1
1824,1
2944,1
1756,1
1807,1
406,1
2118,1
453,1
738,1
640,1
119,1
2458,1
766,1
2464,1
388,1
532,1
722,1
1409,1
1134,1
2360,1
2141,1
48,1
2023,1
2569,1
730,1
2594,1
131,1
284,1
2866,1
1969,1
470,1
559,1
2655,1
455,1
2894,1
285,1
2312,1
1982,1
360,1
2548,1
451,1
1443,1
2361,1
2054,1
2408,1
1112,1
2234,1
1554,1
2991,1
1985,1
286,1
615,1
2410,1
1207,1
2342,1
2296,1
583,1
2576,1
1802,1
2703,1
1474,1
1453,1
444,1
2649,1
735,1
109,1
367,1
822,1
2411,1
2673,1
2595,1
630,1
2333,1
3009,1
1729,1
1394,1
301,1
1345,1
1043,1
1321,1
2639,1
1087,1
2444,1
1961,1
2727,1
1763,1
563,1
2981,1
627,1
2297,1
825,1
1275,1
955,1
3097,1
2240,1
2774,1
2283,1
67,1
1944,1
660,1
768,1
514,1
1890,1
2180,1
2328,1
2577,1
829,1
2682,1
3019,1
438,1
1091,1
2476,1
1556,1
1350,1
896,1
1405,1
725,1
1532,1
2720,1
533,1
2168,1
1641,1
1504,1
2717,1
1509,1
935,1
2890,1
1987,1
1907,1
72,1
686,1
490,1
680,1
692,1
984,1
1403,1
3018,1
2997,1
772,1
2039,1
130,1
1647,1
836,1
1300,1
512,1
1470,1
1463,1
104,1
2273,1
2415,1
515,1
535,1
2155,1
2811,1
2393,1
3092,1
597,1
816,1
2716,1
2419,1
707,1
1569,1
2101,1
544,1
2834,1
2935,1
507,1
2140,1
1286,1
441,1
823,1
2305,1
1617,1
2830,1
1616,1
831,1
467,1
1837,1
2319,1
2874,1
2610,1
2988,1
2184,1
412,1
293,1
2977,1
3005,1
474,1
1684,1
1171,1
1516,1
2862,1
105,1
2301,1
1962,1
2970,1
710,1
639,1
2979,1
1057,1
1384,1
2718,1
1898,1
1168,1
1920,1
1465,1
1883,1
516,1
1796,1
2550,1
2212,1
605,1
505,1
1188,1
711,1
820,1
458,1
1766,1
2783,1
2906,1
380,1
1494,1
1918,1
1289,1
2803,1
313,1
1921,1
1317,1
572,1
2314,1
2285,1
3107,1
629,1
112,1
882,1
2357,1
2910,1
2193,1
1098,1
2159,1
2807,1
1307,1
551,1
2536,1
1795,1
2111,1
1688,1
2045,1
2976,1
1450,1
2440,1
2051,1
899,1
2069,1
2432,1
596,1
1798,1
2978,1
368,1
1889,1
2653,1
1694,1
1727,1
1902,1
2781,1
2675,1
2969,1
2855,1
845,1
1349,1
697,1
391,1
862,1
603,1
2303,1
2137,1
962,1
956,1
2956,1
2959,1
370,1
2645,1
2699,1
874,1
2871,1
2835,1
3091,1
677,1
1640,1
942,1
393,1
2431,1
365,1
972,1
1150,1
450,1
2278,1
2172,1
1991,1
703,1
477,1
2967,1
2216,1
1832,1
2912,1
1254,1
2644,1
1135,1
1460,1
1644,1
993,1
1488,1
2085,1
2884,1
1316,1
3100,1
1301,1
15,1
1548,1
2943,1
1909,1
2150,1
2635,1
390,1
440,1
2503,1
2925,1
2683,1
1248,1
550,1
770,1
9,1
1905,1
2923,1
1390,1
1438,1
1434,1
502,1
1406,1
2310,1
1439,1
8,1
353,1
2060,1
1656,1
1212,1
2947,1
1153,1
1166,1
762,1
2726,1
283,1
68,1
1650,1
1454,1
478,1
2697,1
555,1
1072,1
2634,1
2049,1
2778,1
696,1
898,1
2057,1
1809,1
3012,1
1008,1
2578,1
1433,1
2769,1
2299,1
383,1
1429,1
2563,1
1332,1
139,1
3031,1
491,1
1914,1
1271,1
2074,1
511,1
2845,1
1986,1
2386,1
1182,1
1789,1
2631,1
546,1
1514,1
1220,1
404,1
1546,1
1084,1
1993,1
2549,1
673,1
1615,1
624,1
1101,1
2065,1
1398,1
2513,1
839,1
414,1
2797,1
2414,1
2545,1
2591,1
2075,1
2532,1
2993,1
704,1
2323,1
1023,1
2166,1
2751,1
1125,1
2746,1
2439,1
1325,1
2295,1
149,1
1036,1
522,1
138,1
2487,1
1728,1
1113,1
339,1
1278,1
2950,1
3027,1
1586,1
2237,1
2077,1
324,1
1280,1
1250,1
3071,1
7,1
2799,1
817,1
948,1
1402,1
226,1
1487,1
1584,1
2260,1
2589,1
1764,1
1359,1
751,1
3118,1
1077,1
2658,1
892,1
570,1
2062,1
2338,1
784,1
421,1
1367,1
1456,1
2938,1
1018,1
2779,1
57,1
1933,1
2508,1
910,1
1623,1
2881,1
2311,1
1572,1
2217,1
1420,1
815,1
397,1
2436,1
2063,1
2809,1
2152,1
2259,1
2231,1
294,1
2277,1
1583,1
2800,1
1679,1
2551,1
1505,1
2896,1
2630,1
1404,1
821,1
2627,1
358,1
537,1
2888,1
2037,1
819,1
1910,1
1677,1
1904,1
1495,1
3124,1
2806,1
316,1
2164,1
2564,1
3117,1
1395,1
2352,1
2936,1
1955,1
340,1
1843,1
3021,1
884,1
2106,1
2904,1
2434,1
3099,1
2105,1
167,1
446,1
2220,1
178,1
2708,1
2668,1
1892,1
2154,1
765,1
1645,1
2269,1
6,1
2050,1
2418,1
2587,1
1238,1
1190,1
3106,1
830,1
2829,1
1102,1
2623,1
47,1
539,1
2638,1
466,1
1026,1
2107,1
503,1
565,1
1553,1
1718,1
434,1
2667,1
2880,1
2040,1
1143,1
428,1
709,1
2125,1
1558,1
2492,1
1592,1
1868,1
1502,1
2457,1
712,1
1199,1
1794,1
2853,1
2505,1
945,1
415,1
1024,1
791,1
2544,1
2848,1
447,1
1205,1
888,1
1427,1
1512,1
1322,1
873,1
475,1
732,1
1992,1
1009,1
202,1
3111,1
2373,1
1060,1
2511,1
1896,1
398,1
1400,1
1127,1
2377,1
2127,1
1284,1
150,1
484,1
2937,1
1958,1
134,1
1698,1
1032,1
2791,1
354,1
2922,1
1967,1
2355,1
2964,1
1437,1
2919,1
1266,1
586,1
1642,1
531,1
1666,1
2992,1
1243,1
1459,1
1267,1
1519,1
3024,1
2960,1
1995,1
843,1
1314,1
669,1
2350,1
2046,1
1848,1
1949,1
2660,1
2041,1
2529,1
320,1
2688,1
1989,1
933,1
2142,1
679,1
2437,1
1472,1
2113,1
1306,1
2571,1
298,1
1589,1
1897,1
2034,1
1761,1
1105,1
2939,1
2633,1
310,1
1525,1
3094,1
2001,1
1257,1
2519,1
2326,1
2102,1
2689,1
1978,1
2475,1
382,1
2438,1
1001,1
2465,1
2984,1
2780,1
1976,1
2263,1
2600,1
1191,1
717,1
1475,1
211,1
1477,1
352,1
3,1
636,1
1786,1
2681,1
2852,1
2607,1
1442,1
2143,1
1249,1
170,1
1114,1
648,1
1674,1
1981,1
2691,1
1672,1
2222,1
1578,1
921,1
1827,1
2873,1
2530,1
3017,1
325,1
11,1
642,1
292,1
1692,1
1544,1
587,1
889,1
1927,1
2920,1
716,1
887,1
1468,1
422,1
3069,1
1365,1
2424,1
2242,1
2558,1
1926,1
2625,1
2472,1
1090,1
1899,1
1611,1
1100,1
1838,1
2489,1
2499,1
2104,1
777,1
410,1
1980,1
2356,1
189,1
2974,1
2869,1
2643,1
469,1
863,1
1834,1
2120,1
326,1
1879,1
2224,1
2962,1
905,1
1342,1
405,1
1391,1
2957,1
2463,1
2209,1
1261,1
3026,1
433,1
1379,1
2934,1
1407,1
2056,1
345,1
1430,1
651,1
901,1
708,1
274,1
140,1
2985,1
1741,1
1164,1
1106,1
1895,1
2652,1
616,1
1050,1
1781,1
1315,1
2863,1
682,1
2886,1
56,1
2678,1
2447,1
558,1
2801,1
1234,1
2713,1
2390,1
1564,1
1142,1
2766,1
1180,1
1828,1
2483,1
2368,1
812,1
1375,1
2504,1
2933,1
759,1
2173,1
1790,1
744,1
29,1
1745,1
2182,1
1575,1
1715,1
573,1
1591,1
1699,1
1251,1
499,1
1120,1
1377,1
432,1
2359,1
2756,1
2875,1
1864,1
2518,1
1097,1
1452,1
185,1
1362,1
2734,1
1002,1
1557,1
1629,1
897,1
2694,1
2837,1
923,1
2066,1
996,1
2375,1
828,1
1996,1
1618,1
1990,1
1124,1
2695,1
2413,1
1759,1
876,1
2604,1
2949,1
2745,1
1386,1
562,1
568,1
2776,1
3049,1
1606,1
1744,1
2347,1
1020,1
54,1
1217,1
1269,1
2454,1
1227,1
3113,1
1006,1
117,1
975,1
2839,1
2917,1
2171,1
22,1
1019,1
2889,1
2425,1
2541,1
1627,1
2014,1
2293,1
2899,1
885,1
1654,1
465,1
959,1
2685,1
2335,1
1855,1
2031,1
1264,1
2840,1
1152,1
1335,1
1108,1
1154,1
1262,1
2940,1
343,1
2421,1
482,1
2266,1
1320,1
2183,1
606,1
115,1
2744,1
769,1
1417,1
2690,1
1526,1
1501,1
1329,1
908,1
1085,1
645,1
3016,1
1279,1
2737,1
2337,1
1073,1
1771,1
1988,1
1412,1
356,1
2908,1
2329,1
2975,1
2521,1
671,1
1038,1
1373,1
1974,1
2064,1
2109,1
1203,1
1119,1
1856,1
2308,1
602,1
2033,1
1805,1
1163,1
2404,1
974,1
1449,1
641,1
1530,1
3109,1
1418,1
65,1
776,1
1318,1
20,1
2650,1
459,1
2114,1
1424,1
976,1
2784,1
2656,1
306,1
2206,1
2017,1
2491,1
1103,1
2998,1
2374,1
2755,1
425,1
2552,1
2572,1
1303,1
1768,1
900,1
152,1
1044,1
941,1
3062,1
746,1
1612,1
1109,1
1585,1
2651,1
835,1
510,1
1773,1
2663,1
700,1
1200,1
1033,1
774,1
1919,1
18,1
2749,1
909,1
1822,1
1028,1
659,1
1387,1
2334,1
2739,1
1689,1
1056,1
2517,1
3060,1
1173,1
2288,1
890,1
886,1
1573,1
1311,1
1697,1
2537,1
743,1
2559,1
3028,1
1074,1
3078,1
10,1
1037,1
3015,1
1035,1
895,1
2893,1
860,1
1755,1
1635,1
3075,1
2846,1
1873,1
136,1
2637,1
1476,1
2907,1
871,1
1193,1
2320,1
1669,1
408,1
2185,1
2471,1
1800,1
2770,1
1378,1
781,1
2090,1
26,1
1681,1
2686,1
2274,1
881,1
691,1
2225,1
1214,1
426,1
1216,1
1094,1
1446,1
1157,1
1875,1
666,1
159,1
973,1
2071,1
1092,1
1147,1
2108,1
158,1
2313,1
314,1
1782,1
1268,1
378,1
2566,1
135,1
49,1
1274,1
1416,1
2601,1
3112,1
2622,1
1757,1
2757,1
2965,1
2480,1
1489,1
1344,1
1535,1
2971,1
1975,1
1857,1
2134,1
3122,1
814,1
2028,1
1717,1
462,1
1596,1
3023,1
684,1
1281,1
2270,1
1599,1
850,1
2228,1
739,1
323,1
742,1
103,1
1523,1
782,1
1158,1
206,1
302,1
656,1
1643,1
1187,1
877,1
1195,1
281,1
407,1
2076,1
720,1
1021,1
1748,1
3039,1
2522,1
695,1
620,1
1299,1
280,1
1196,1
1820,1
1812,1
160,1
2409,1
2613,1
2067,1
2654,1
1144,1
2994,1
473,1
989,1
706,1
1730,1
2250,1
2482,1
2194,1
688,1
880,1
2304,1
423,1
713,1
1408,1
1432,1
834,1
1670,1
1753,1
2058,1
1710,1
1356,1
2407,1
69,1
723,1
2669,1
2139,1
488,1
357,1
2358,1
662,1
681,1
1040,1
913,1
958,1
376,1
775,1
2661,1
1198,1
385,1
1330,1
1722,1
199,1
925,1
2238,1
608,1
1726,1
1518,1
1177,1
726,1
1624,1
1242,1
1576,1
355,1
943,1
598,1
1441,1
2384,1
1331,1
658,1
1348,1
1811,1
1462,1
2612,1
2089,1
2012,1
916,1
1062,1
400,1
79,1
637,1
3082,1
81,1
764,1
2516,1
2207,1
915,1
1797,1
2721,1
617,1
1954,1
1370,1
1253,1
2204,1
778,1
476,1
2715,1
2153,1
155,1
1149,1
2507,1
2026,1
2406,1
2657,1
1775,1
1138,1
1858,1
2583,1
3120,1
1536,1
145,1
954,1
988,1
2448,1
1622,1
2722,1
2805,1
920,1
590,1
937,1
1467,1
612,1
2712,1
938,1
783,1
513,1
2555,1
2680,1
2952,1
2897,1
917,1
2468,1
1082,1
2241,1
1357,1
1561,1
2353,1
760,1
1340,1
982,1
1714,1
120,1
2307,1
872,1
2025,1
411,1
1484,1
2021,1
2149,1
564,1
1607,1
1277,1
2198,1
2731,1
2831,1
1513,1
1083,1
78,1
373,1
2133,1
1923,1
87,1
2980,1
626,1
536,1
1170,1
2038,1
2170,1
1186,1
1940,1
1683,1
500,1
931,1
2996,1
1423,1
143,1
40,1
14,1
2618,1
2574,1
2877,1
1175,1
2158,1
369,1
1369,1
1421,1
1295,1
3033,1
2426,1
3025,1
2782,1
2903,1
1953,1
2707,1
2995,1
245,1
1507,1
1392,1
3073,1
53,1
1733,1
1538,1
2372,1
1542,1
1232,1
1859,1
1963,1
1422,1
2200,1
552,1
2086,1
501,1
1372,1
1004,1
1648,1
2053,1
2615,1
2327,1
3002,1
947,1
665,1
3070,1
2616,1
1951,1
2428,1
1273,1
2810,1
1965,1
2098,1
2351,1
2258,1
461,1
818,1
337,1
1531,1
1086,1
290,1
97,1
36,1
548,1
70,1
2647,1
1270,1
1663,1
162,1
1337,1
12,1
2986,1
1878,1
3080,1
2201,1
1241,1
146,1
521,1
2427,1
588,1
2666,1
2398,1
420,1
809,1
754,1
2524,1
1610,1
1724,1
1597,1
2790,1
2008,1
2132,1
3072,1
979,1
497,1
1845,1
1201,1
1355,1
1000,1
129,1
621,1
1893,1
1383,1
19,1
1922,1
653,1
1872,1
2526,1
1970,1
1691,1
1973,1
1428,1
1093,1
1816,1
1903,1
647,1
1719,1
2147,1
634,1
3125,1
2165,1
173,1
1425,1
600,1
2281,1
2232,1
1287,1
1870,1
919,1
2179,1
2315,1
581,1
1660,1
1260,1
3050,1
2423,1
1071,1
1070,1
2189,1
1014,1
1725,1
1304,1
2486,1
553,1
251,1
3077,1
1010,1
2754,1
1984,1
2603,1
1604,1
2709,1
2546,1
1285,1
1732,1
1836,1
1813,1
2317,1
2002,1
1743,1
1031,1
737,1
1058,1
262,1
964,1
2485,1
2249,1
2596,1
322,1
2812,1
350,1
1667,1
1541,1
907,1
2246,1
264,1
1076,1
296,1
177,1
736,1
1172,1
525,1
731,1
2677,1
1202,1
327,1
940,1
663,1
3066,1
2043,1
1027,1
2488,1
1080,1
1638,1
2641,1
793,1
1614,1
1039,1
1825,1
363,1
2005,1
1942,1
1931,1
789,1
1399,1
1185,1
1603,1
2379,1
463,1
1247,1
1891,1
43,1
2078,1
1116,1
2841,1
1310,1
371,1
2870,1
32,1
1534,1
1160,1
2244,1
1156,1
2913,1
1803,1
1693,1
1979,1
526,1
780,1
1204,1
2459,1
1126,1
949,1
1911,1
3115,1
17,1
601,1
2911,1
2878,1
39,1
381,1
1854,1
802,1
2340,1
2750,1
3065,1
2322,1
2265,1
668,1
1912,1
2711,1
625,1
2399,1
2827,1
2412,1
1508,1
2223,1
2698,1
2030,1
932,1
869,1
2282,1
1189,1
585,1
687,1
123,1
66,1
1161,1
3038,1
643,1
1608,1
94,1
2619,1
269,1
1343,1
963,1
1929,1
1521,1
1776,1
1860,1
2239,1
1801,1
1015,1
1785,1
3081,1
2079,1
300,1
1522,1
928,1
2914,1
1551,1
1341,1
392,1
2029,1
728,1
2927,1
1054,1
21,1
1869,1
2696,1
2562,1
1358,1
967,1
347,1
2642,1
997,1
1167,1
2510,1
3087,1
25,1
1059,1
3083,1
1731,1
3004,1
1568,1
254,1
58,1
1661,1
1680,1
1882,1
331,1
787,1
2765,1
1655,1
1480,1
701,1
1537,1
610,1
2420,1
1675,1
540,1
1712,1
240,1
2958,1
1549,1
1499,1
752,1
456,1
718,1
1239,1
2951,1
52,1
259,1
2443,1
2254,1
1876,1
30,1
2083,1
1451,1
2484,1
589,1
37,1
2460,1
197,1
196,1
2512,1
2088,1
661,1
2381,1
1930,1
2004,1
28,1
690,1
1419,1
2011,1
395,1
1174,1
2740,1
2383,1
13,1
2422,1
1312,1
2394,1
2498,1
1485,1
1111,1
1478,1
2567,1
2954,1
1410,1
2339,1
2268,1
308,1
222,1
1052,1
1075,1
1245,1
1302,1
1319,1
3068,1
779,1
1527,1
970,1
2289,1
2724,1
1906,1
449,1
1959,1
2470,1
1808,1
2429,1
2267,1
771,1
1736,1
2445,1
402,1
528,1
315,1
1555,1
122,1
2276,1
734,1
530,1
2100,1
180,1
575,1
2019,1
1065,1
1128,1
965,1
638,1
790,1
2442,1
3084,1
121,1
359,1
1595,1
2024,1
1183,1
2371,1
2110,1
918,1
2099,1
861,1
1581,1
1431,1
2236,1
2013,1
698,1
2640,1
2325,1
2479,1
547,1
2614,1
2124,1
1983,1
1244,1
1938,1
2515,1
16,1
524,1
2885,1
2747,1
806,1
675,1
1814,1
2565,1
1849,1
1945,1
2659,1
2400,1
2767,1
2324,1
187,1
1414,1
1055,1
236,1
1263,1
3101,1
1069,1
1956,1
2725,1
995,1
1841,1
2676,1
1960,1
2452,1
2966,1
2214,1
2321,1
3108,1
1997,1
1653,1
504,1
2768,1
1218,1
2771,1
1563,1
147,1
2433,1
1932,1
991,1
1916,1
983,1
495,1
756,1
480,1
51,1
2417,1
969,1
2136,1
1540,1
1231,1
3079,1
1296,1
1130,1
1716,1
2891,1
2672,1
1851,1
341,1
807,1
1758,1
2825,1
2068,1
2186,1
2190,1
387,1
220,1
1774,1
2764,1
1867,1
1793,1
2723,1
2405,1
63,1
3054,1
157,1
2169,1
1233,1
767,1
594,1
2016,1
854,1
543,1
1305,1
1762,1
1818,1
2786,1
1132,2
1957,2
2218,2
971,2
1140,2
2629,2
1294,2
253,2
2336,2
2070,2
1282,2
986,2
1145,2
2156,2
1711,2
2481,2
2705,2
3032,2
985,2
2192,2
2963,2
2123,2
272,2
2027,2
213,2
1363,2
2494,2
2662,2
2523,2
498,2
1139,2
3076,2
2539,2
50,2
418,2
207,2
389,2
60,2
2221,2
2859,2
2210,2
1777,2
127,2
1529,2
2052,2
1292,2
1252,2
1397,2
2921,2
2363,2
1194,2
278,2
3085,2
2187,2
113,2
987,2
249,2
77,2
2378,2
445,2
1779,2
1496,2
992,2
1651,2
1846,2
1621,2
1524,2
3043,2
2864,2
2178,2
755,2
1493,2
1235,2
2665,2
1211,2
2999,2
92,2
311,2
667,2
2227,2
307,2
1228,2
2879,2
208,2
2018,2
2753,2
1966,2
74,2
2020,2
2343,2
215,2
2000,2
1865,2
1928,2
1971,2
1847,2
592,2
2344,2
1079,2
2632,2
944,2
232,2
2047,2
978,2
1842,2
275,2
2341,2
2245,2
1226,2
111,2
141,2
2813,2
416,2
1806,2
144,2
1943,2
1788,2
977,2
1492,2
893,2
2091,2
824,2
2403,2
3047,2
2446,2
304,2
2679,2
114,2
902,2
912,2
271,2
1146,2
46,2
1839,2
538,2
276,2
758,2
1866,2
1381,2
2868,2
607,2
2395,2
2531,2
2230,2
1265,2
366,2
2758,2
611,2
496,2
1708,2
2509,2
792,2
3074,2
844,2
2235,2
785,2
99,2
2557,2
460,2
2203,2
336,2
856,2
1455,2
1255,2
1702,2
2022,2
2255,2
1639,2
2302,2
110,2
1360,2
2048,2
797,2
186,2
2229,2
1137,2
2876,2
2441,2
595,2
800,2
2015,2
1934,2
82,2
335,2
1850,2
2982,2
1690,2
2044,2
2271,2
1709,2
1528,2
1791,2
1500,2
1863,2
329,2
2382,2
580,2
1671,2
1804,2
1415,2
84,2
1545,2
2264,2
2580,2
2822,2
3061,2
3037,2
999,2
1972,2
946,2
287,2
859,2
2176,2
849,2
748,2
154,2
38,2
1533,2
582,2
1448,2
246,2
1941,2
810,2
2256,2
827,2
1752,2
1222,2
2794,2
3089,2
256,2
2167,2
2748,2
2955,2
2146,2
2602,2
1351,2
299,2
2836,2
2202,2
3090,2
1352,2
443,2
89,2
670,2
2777,2
3086,2
934,2
990,2
1297,2
1964,2
3041,2
1123,2
1673,2
228,2
1999,2
305,2
848,2
1626,2
1197,2
153,2
3059,2
2898,2
3067,2
1141,2
1819,2
3048,2
2847,2
34,2
541,2
424,2
727,2
2844,2
2116,2
23,2
1104,2
1760,2
1389,2
3121,2
1657,2
1511,2
45,2
2701,2
870,2
721,2
2006,2
1877,2
1950,2
2059,2
1466,2
689,2
194,2
2987,2
1590,2
864,2
2073,2
27,2
961,2
936,2
529,2
288,2
394,2
2430,2
798,2
233,2
318,2
801,2
2787,2
2435,2
346,2
1221,2
2808,2
2251,2
1598,2
2191,2
364,2
1840,2
2742,2
1469,2
225,2
2671,2
2354,2
2199,2
100,2
3064,2
851,2
1706,2
1256,2
729,2
2909,2
91,2
2892,2
868,2
1159,2
44,2
2462,2
1574,2
2741,2
1354,2
1880,2
3008,2
333,2
2177,2
243,2
1259,2
506,2
1017,2
2733,2
1742,2
2506,2
1826,2
761,2
481,2
1874,2
193,2
799,2
994,2
270,2
2094,2
3055,2
2092,2
1862,2
1887,2
1048,2
914,2
218,2
472,2
1042,2
549,2
1313,2
1491,2
88,2
181,2
2376,2
786,2
924,2
2953,2
303,2
1107,2
614,2
1192,2
1517,2
3104,2
1022,2
1817,2
1364,2
224,2
464,2
509,2
998,2
1503,2
957,2
1005,2
1550,2
266,2
805,2
1471,2
2561,2
1885,2
926,2
2396,2
619,2
1298,2
1821,2
118,2
2316,2
858,2
2042,2
338,2
2789,2
2918,2
906,2
808,2
1787,2
1739,2
2684,2
554,2
257,2
2455,2
1326,2
3034,2
803,2
2103,2
1479,2
1946,2
631,2
1117,2
2112,2
838,2
2,2
519,2
409,2
578,2
652,2
227,2
1704,2
1426,3
1016,3
2163,3
1665,3
156,3
2961,3
1078,3
1881,3
1219,3
1184,3
2122,3
2728,3
757,3
1396,3
2597,3
2226,3
2331,3
567,3
295,3
3029,3
330,3
2275,3
3046,3
794,3
2820,3
247,3
142,3
960,3
1565,3
1129,3
1515,3
749,3
2628,3
361,3
2365,3
171,3
258,3
1155,3
2762,3
2380,3
1884,3
267,3
1664,3
857,3
2151,3
80,3
2247,3
1925,3
198,3
241,3
1734,3
244,3
1237,3
277,3
1738,3
952,3
1283,3
260,3
235,3
2233,3
1888,3
214,3
852,3
1457,3
205,3
219,3
2945,3
1823,3
62,3
1178,3
73,3
2096,3
865,3
788,3
632,3
867,3
2330,3
847,3
151,3
1327,3
1288,3
929,3
1176,3
1977,3
753,3
1464,3
201,3
148,3
1935,3
3088,3
1861,3
2262,3
41,3
1323,3
3030,3
2219,3
2814,3
234,3
2924,3
273,3
1754,3
98,3
1179,3
328,3
911,3
1835,3
184,3
599,3
2772,3
517,3
2785,3
216,3
1700,3
2823,3
534,3
2402,3
841,3
1770,3
1852,3
2670,3
362,3
255,3
2826,3
542,3
2401,3
239,3
169,3
2007,3
1447,3
557,3
930,3
2272,3
968,3
2309,3
1737,3
1567,3
1081,3
2009,3
795,3
2704,3
584,3
1792,3
76,3
33,3
351,3
166,3
334,3
2211,3
2174,3
623,3
95,3
1682,3
3042,3
2010,3
172,3
1353,3
1490,3
1118,3
1162,3
1148,3
2821,3
1131,3
1720,3
576,3
2095,3
2097,3
486,3
1948,3
1099,3
3035,3
2248,3
238,3
448,3
436,3
2345,3
2860,3
248,3
1936,3
90,3
950,3
2286,3
577,3
796,3
2453,3
1223,3
3053,3
175,3
2586,3
2497,3
1236,3
2584,3
2818,3
128,3
2916,3
317,3
221,3
545,3
229,3
454,3
2367,3
203,3
1049,3
1121,3
1029,3
1506,3
2144,3
268,3
493,3
71,3
348,3
1498,3
613,3
2700,3
3105,3
1510,3
261,3
86,3
2815,3
204,3
212,4
2148,4
3045,4
174,4
2135,4
3056,4
190,4
2469,4
2451,4
176,4
3036,4
2948,4
763,4
1924,4
319,4
435,4
1151,4
192,4
85,4
75,4
250,4
102,4
2205,4
223,4
332,4
2817,4
1068,4
116,4
188,4
804,4
217,4
2490,4
1600,4
657,4
200,4
349,4
811,4
2195,4
1968,4
1746,4
1609,4
1772,4
1411,4
1436,4
195,4
1947,4
1707,4
279,4
846,4
3040,4
1181,4
2928,4
282,4
2126,4
604,4
1705,4
342,4
3057,4
1594,4
265,4
520,4
1894,4
42,4
124,4
182,4
3051,4
3044,4
168,4
230,4
191,4
2775,4
2291,4
161,4
1520,4
2732,4
2687,4
183,4
93,4
489,4
1,4
237,4
2279,4
210,4
2710,4
1783,4
1747,4
1224,4
527,4
242,4
164,4
96,4
3001,4
1952,4
2816,4
2760,4
2833,4
179,4
1566,4
1388,4
2819,4
165,4
875,4
163,4
1413,4
1652,4
